id,url
1419281,https://hotel.meituan.com/1419281/
32410,https://hotel.meituan.com/32410/
796445,https://hotel.meituan.com/796445/
1092437,https://hotel.meituan.com/1092437/
666743,https://hotel.meituan.com/666743/
78805,https://hotel.meituan.com/78805/
5007335,https://hotel.meituan.com/5007335/
5166492,https://hotel.meituan.com/5166492/
77204158,https://hotel.meituan.com/77204158/
162756393,https://hotel.meituan.com/162756393/
2422336,https://hotel.meituan.com/2422336/
4293012,https://hotel.meituan.com/4293012/
6876098,https://hotel.meituan.com/6876098/
108949121,https://hotel.meituan.com/108949121/
5540457,https://hotel.meituan.com/5540457/
165066969,https://hotel.meituan.com/165066969/
164686328,https://hotel.meituan.com/164686328/
664916,https://hotel.meituan.com/664916/
4745994,https://hotel.meituan.com/4745994/
664925,https://hotel.meituan.com/664925/
60264057,https://hotel.meituan.com/60264057/
1502507,https://hotel.meituan.com/1502507/
165828567,https://hotel.meituan.com/165828567/
668362,https://hotel.meituan.com/668362/
160260769,https://hotel.meituan.com/160260769/
664922,https://hotel.meituan.com/664922/
2403110,https://hotel.meituan.com/2403110/
1479166,https://hotel.meituan.com/1479166/
160711779,https://hotel.meituan.com/160711779/
2466141,https://hotel.meituan.com/2466141/
178023485,https://hotel.meituan.com/178023485/
4455531,https://hotel.meituan.com/4455531/
668243,https://hotel.meituan.com/668243/
175374555,https://hotel.meituan.com/175374555/
191364545,https://hotel.meituan.com/191364545/
150564203,https://hotel.meituan.com/150564203/
174947402,https://hotel.meituan.com/174947402/
2529458,https://hotel.meituan.com/2529458/
61549644,https://hotel.meituan.com/61549644/
2602348,https://hotel.meituan.com/2602348/
150567358,https://hotel.meituan.com/150567358/
5074490,https://hotel.meituan.com/5074490/
41919892,https://hotel.meituan.com/41919892/
664810,https://hotel.meituan.com/664810/
98934908,https://hotel.meituan.com/98934908/
90615798,https://hotel.meituan.com/90615798/
68255945,https://hotel.meituan.com/68255945/
93295011,https://hotel.meituan.com/93295011/
1150121,https://hotel.meituan.com/1150121/
52652303,https://hotel.meituan.com/52652303/
664972,https://hotel.meituan.com/664972/
76352239,https://hotel.meituan.com/76352239/
95718126,https://hotel.meituan.com/95718126/
41773554,https://hotel.meituan.com/41773554/
5271959,https://hotel.meituan.com/5271959/
674083,https://hotel.meituan.com/674083/
40137888,https://hotel.meituan.com/40137888/
95875275,https://hotel.meituan.com/95875275/
163537076,https://hotel.meituan.com/163537076/
160571351,https://hotel.meituan.com/160571351/
178018340,https://hotel.meituan.com/178018340/
6752409,https://hotel.meituan.com/6752409/
178814959,https://hotel.meituan.com/178814959/
